Workbook

Sheet 00_Instructions
A1: TRUTH COLLECTIVE — Evaluation Engine v1 (from Master Summary + Official Governance PDF v2.1)
A3: Purpose
A4: Intelligence lives in Master_Config (weights, bands, TC Grade). You enter one product on Intake + score only relevant rows. Results calculates grade and a brief analysis. Brand voice and TC Grade stay. Amazon stars are NOT the grade.
A8: How to score one product (5 steps)
A9: 1. Go to Intake. Enter Product Name, ASIN or URL, Category, Eval Type (Product or Book).
A10: 2. Set Applicable = Y only on metrics that matter for that category (Engineering_Score or Editorial_Score). Leave others N or blank score.
A11: 3. Enter Product Score 0–10 on Applicable = Y rows. Weights are already filled from your master sheet.
A12: 4. Fill Compliance rows that apply (Y/N compliant).
A13: 5. Open Results — Final TC Grade, quality band, and brief analysis update automatically.
A15: What this replaces
A16: Your old workbook listed every metric for every product with no formulas, mixed product+editorial into one 60/40 final grade, and had no Intake/Results engine. This file keeps your metrics, adds formulas, separates Product vs Book paths, and outputs TC Grade + brief blurb.
A20: Honest limit
... A24: Tabs
A25: Tab | B25: Role
A26: 00_Instructions | B26: This page
A27: 01_Master_Config | B27: Weights, TC Grade bands, category list — do not casually edit
A28: 02_Intake | B28: ONE product identity fields (yellow = type here)
A29: 03_Engineering_Score | B29: Product path — score applicable rows only
A30: 04_Editorial_Score | B30: Book / literature path — 21-point style metrics
A31: 05_Compliance | B31: Cert checklist for this product
A32: 06_Category_Benchmarks | B32: Mission-critical minimums by category
A33: 07_Results | B33: Auto TC Grade + brief analysis + publish recommendation

Sheet 01_Master_Config
A1: MASTER CONFIG — locked logic from TC governance
A3: A. Component tier weights (from Weighted Scoring Model / PDF)
A4: Tier | B4: Weight % (midpoint) | C4: Range (governance) | D4: Notes
A5: Mission-Critical | B5: 0.55 | C5: 50–60% | D5: Core performance & durability
A6: Important | B6: 0.3 | C6: 25–35% | D6: Reliability & consistency
A7: Minor | B7: 0.15 | C7: 10–15% | D7: Usability & secondary experience
A9: B. Path mix (when BOTH product engineering AND editorial apply — rare)
A10: Engineering path weight | B10: 1 | C10: Default for physical/digital products: 100% Engineering
A11: Editorial path weight | B11: 1 | C11: Default for books/editorial: 100% Editorial (21-point family)
A12: NOTE | B12: Do NOT force 60/40 Eng+Editorial on a desk or monitor. Your old sheet did that. Products use Eng; books use Editorial.
A14: C. TC Grade bands (consumer-facing)
A15: Min % | B15: Max % | C15: TC Grade | D15: Quality Band
A16: 90 | B16: 100 | C16: 5.0 | D16: High
A17: 85 | B17: 89.99 | C17: 4.5 | D17: Semi-High
A18: 80 | B18: 84.99 | C18: 4.0 | D18: Semi-High
A19: 70 | B19: 79.99 | C19: 3.5 | D19: Middle
A20: 60 | B20: 69.99 | C20: 3.0 | D20: Low-Middle
A21: 50 | B21: 59.99 | C21: 2.5 | D21: Low
A22: 0 | B22: 49.99 | C22: 2.0 | D22: Entry / Basic
A25: D. Categories (Intake dropdown)
A26: Category
A27: Desks
A28: Speakers
A29: Headphones
A30: Lighting
A31: Automation
A32: Computing
A33: Monitors
A34: Displays
A35: Books
A36: Other
... A44: Named ranges used by Results: see formulas on 07_Results. Grade thresholds are rows 16–22.

Sheet 02_Intake
A1: INTAKE — enter one product here (yellow cells)
A3: Product Name
A4: ASIN / Product ID
A5: Product URL
A6: Brand
A7: Category | B7: Computing
A8: Eval Type | B8: Product
A9: Hub Page (site URL)
A10: Affiliate tag ready? (Y/N) | B10: N
A11: Reviewer | B11: Daniel Reid
A12: Date | B12: 2026-08-03
A13: Evidence links (specs/teardown)
A15: Instructions
A16: Yellow = type here. Then score 03_Engineering_Score (Product) OR 04_Editorial_Score (Book). Check Results.

Sheet 03_Engineering_Score
A1: ENGINEERING SCORECARD — set Applicable=Y and Score 0–10 only for relevant metrics | K1: ENG_PCT | L1: ENG_FAILS | M1: ENG_APPLICABLE
A2: Product: | B2: =02_Intake!B3 | C2: Category: | D2: =02_Intake!B7 | E2: Eval Type: | F2: =02_Intake!B8 | K2: =G61 | L2: =COUNTIF(H5:H57,"Fail") | M2: =COUNTIF(E5:E57,"Y")
A4: Component Category | B4: Mission-Critical Component | C4: Tier | D4: Weight (0–10) | E4: Applicable (Y/N) | F4: Product Score (0–10) | G4: Weighted Score | H4: Pass/Fail | I4: Compliance Body
A5: Material Science | B5: Steel Gauge | C5: Mission-Critical | D5: 9 | E5: N | G5: =IF(OR(E5<>"Y",F5=""),"",D5*F5) | H5: =IF(OR(E5<>"Y",F5=""),"",IF(F5>=7,"Pass","Fail")) | I5: UL/CE
A6: Material Science | B6: Aluminum Grade | C6: Important | D6: 8 | E6: N | G6: =IF(OR(E6<>"Y",F6=""),"",D6*F6) | H6: =IF(OR(E6<>"Y",F6=""),"",IF(F6>=7,"Pass","Fail")) | I6: ISO
A7: Material Science | B7: Hardwood Species | C7: Important | D7: 7 | E7: N | G7: =IF(OR(E7<>"Y",F7=""),"",D7*F7) | H7: =IF(OR(E7<>"Y",F7=""),"",IF(F7>=7,"Pass","Fail")) | I7: NHLA
A8: Material Science | B8: Veneer Thickness | C8: Minor | D8: 6 | E8: N | G8: =IF(OR(E8<>"Y",F8=""),"",D8*F8) | H8: =IF(OR(E8<>"Y",F8=""),"",IF(F8>=7,"Pass","Fail")) | I8: AWI
A9: Material Science | B9: Polymer Purity | C9: Important | D9: 7 | E9: N | G9: =IF(OR(E9<>"Y",F9=""),"",D9*F9) | H9: =IF(OR(E9<>"Y",F9=""),"",IF(F9>=7,"Pass","Fail")) | I9: RoHS
A10: Electronics | B10: PCB Layer Count | C10: Mission-Critical | D10: 9 | E10: N | G10: =IF(OR(E10<>"Y",F10=""),"",D10*F10) | H10: =IF(OR(E10<>"Y",F10=""),"",IF(F10>=7,"Pass","Fail")) | I10: IEC
A11: Electronics | B11: Copper Trace Thickness | C11: Important | D11: 8 | E11: N | G11: =IF(OR(E11<>"Y",F11=""),"",D11*F11) | H11: =IF(OR(E11<>"Y",F11=""),"",IF(F11>=7,"Pass","Fail")) | I11: IEC
A12: Manufacturing | B12: CNC Machining Tolerance | C12: Mission-Critical | D12: 9 | E12: N | G12: =IF(OR(E12<>"Y",F12=""),"",D12*F12) | H12: =IF(OR(E12<>"Y",F12=""),"",IF(F12>=7,"Pass","Fail")) | I12: ISO
A13: Manufacturing | B13: Injection Molding Quality | C13: Important | D13: 7 | E13: N | G13: =IF(OR(E13<>"Y",F13=""),"",D13*F13) | H13: =IF(OR(E13<>"Y",F13=""),"",IF(F13>=7,"Pass","Fail")) | I13: ISO
A14: Manufacturing | B14: Die Casting Quality | C14: Important | D14: 7 | E14: N | G14: =IF(OR(E14<>"Y",F14=""),"",D14*F14) | H14: =IF(OR(E14<>"Y",F14=""),"",IF(F14>=7,"Pass","Fail")) | I14: ISO
A15: Manufacturing | B15: Joinery Method | C15: Important | D15: 8 | E15: N | G15: =IF(OR(E15<>"Y",F15=""),"",D15*F15) | H15: =IF(OR(E15<>"Y",F15=""),"",IF(F15>=7,"Pass","Fail")) | I15: AWI
A16: Manufacturing | B16: Fastener Grade | C16: Important | D16: 8 | E16: N | G16: =IF(OR(E16<>"Y",F16=""),"",D16*F16) | H16: =IF(OR(E16<>"Y",F16=""),"",IF(F16>=7,"Pass","Fail")) | I16: ANSI
... A57: Lifecycle | B57: Warranty Strength | C57: Important | D57: 8 | E57: N | G57: =IF(OR(E57<>"Y",F57=""),"",D57*F57) | H57: =IF(OR(E57<>"Y",F57=""),"",IF(F57>=7,"Pass","Fail")) | I57: Manufacturer
A59: TOTALS (applicable rows only) | D59: =SUMIF(E5:E57,"Y",D5:D57) | F59: Max weighted possible: | G59: =SUMIF(E5:E57,"Y",D5:D57)*10
F60: Earned weighted points: | G60: =SUM(G5:G57)
F61: Engineering %: | G61: =IF(G59=0,"",G60/G59)
F62: Named for Results → | G62: =G61

Sheet 04_Editorial_Score
A1: EDITORIAL / LITERATURE SCORECARD — for Eval Type = Book | K1: ED_PCT | L1: ED_FAILS
A2: Title: | B2: =02_Intake!B3 | K2: =F27 | L2: =COUNTIF(G5:G25,"Fail")
A4: Editorial Metric Category | B4: Metric | C4: Weight (0–10) | D4: Applicable (Y/N) | E4: Score (0–10) | F4: Weighted Score | G4: Pass/Fail
A5: Author Authority | B5: Professional Credentials | C5: 9 | D5: Y | F5: =IF(OR(D5<>"Y",E5=""),"",C5*E5) | G5: =IF(OR(D5<>"Y",E5=""),"",IF(E5>=7,"Pass","Fail"))
A6: Author Authority | B6: Subject Matter Expertise | C6: 9 | D6: Y | F6: =IF(OR(D6<>"Y",E6=""),"",C6*E6) | G6: =IF(OR(D6<>"Y",E6=""),"",IF(E6>=7,"Pass","Fail"))
A7: Author Authority | B7: Industry Recognition | C7: 8 | D7: Y | F7: =IF(OR(D7<>"Y",E7=""),"",C7*E7) | G7: =IF(OR(D7<>"Y",E7=""),"",IF(E7>=7,"Pass","Fail"))
A8: Content Quality | B8: Accuracy | C8: 10 | D8: Y | F8: =IF(OR(D8<>"Y",E8=""),"",C8*E8) | G8: =IF(OR(D8<>"Y",E8=""),"",IF(E8>=7,"Pass","Fail"))
A9: Content Quality | B9: Depth | C9: 9 | D9: Y | F9: =IF(OR(D9<>"Y",E9=""),"",C9*E9) | G9: =IF(OR(D9<>"Y",E9=""),"",IF(E9>=7,"Pass","Fail"))
A10: Content Quality | B10: Completeness | C10: 8 | D10: Y | F10: =IF(OR(D10<>"Y",E10=""),"",C10*E10) | G10: =IF(OR(D10<>"Y",E10=""),"",IF(E10>=7,"Pass","Fail"))
A11: Content Quality | B11: Evidence Use | C11: 9 | D11: Y | F11: =IF(OR(D11<>"Y",E11=""),"",C11*E11) | G11: =IF(OR(D11<>"Y",E11=""),"",IF(E11>=7,"Pass","Fail"))
A12: Content Quality | B12: Logical Clarity | C12: 8 | D12: Y | F12: =IF(OR(D12<>"Y",E12=""),"",C12*E12) | G12: =IF(OR(D12<>"Y",E12=""),"",IF(E12>=7,"Pass","Fail"))
A13: Reception | B13: Critical Reviews | C13: 7 | D13: Y | F13: =IF(OR(D13<>"Y",E13=""),"",C13*E13) | G13: =IF(OR(D13<>"Y",E13=""),"",IF(E13>=7,"Pass","Fail"))
A14: Reception | B14: Reader Longevity | C14: 7 | D14: Y | F14: =IF(OR(D14<>"Y",E14=""),"",C14*E14) | G14: =IF(OR(D14<>"Y",E14=""),"",IF(E14>=7,"Pass","Fail"))
A15: Reception | B15: Category Relevance | C15: 8 | D15: Y | F15: =IF(OR(D15<>"Y",E15=""),"",C15*E15) | G15: =IF(OR(D15<>"Y",E15=""),"",IF(E15>=7,"Pass","Fail"))
A16: Reception | B16: Continued Relevance | C16: 7 | D16: Y | F16: =IF(OR(D16<>"Y",E16=""),"",C16*E16) | G16: =IF(OR(D16<>"Y",E16=""),"",IF(E16>=7,"Pass","Fail"))
... A25: Overall | B25: Editorial Quality | C25: 10 | D25: Y | F25: =IF(OR(D25<>"Y",E25=""),"",C25*E25) | G25: =IF(OR(D25<>"Y",E25=""),"",IF(E25>=7,"Pass","Fail"))
E27: Editorial %: | F27: =IF(SUMIF(D5:D25,"Y",C5:C25)=0,"",SUM(F5:F25)/(SUMIF(D5:D25,"Y",C5:C25)*10))

Sheet 05_Compliance
A1: COMPLIANCE CHECKLIST — this product | K1: COMP_FAILS
K2: =COUNTIF(D4:D24,"N")
A3: Compliance Body | B3: Category | C3: Required | D3: Product Compliant? (Y/N/NA) | E3: Certification # | F3: Expiration | G3: Notes
A4: UL | B4: Electrical | C4: Yes
A5: ETL | B5: Electrical | C5: Yes
A6: CSA | B6: Electrical | C6: Yes
A7: FCC | B7: Digital | C7: Yes
A8: CE | B8: Electrical/Environmental | C8: Yes
A9: RoHS | B9: Electronics | C9: Yes
A10: Energy Star | B10: Electrical | C10: Optional
A11: ISO 9001 | B11: Manufacturing | C11: Yes
A12: ISO/IEC | B12: Electrical/Digital | C12: Yes
A13: IATF 16949 | B13: Manufacturing | C13: Category-specific
A14: AS9100 | B14: Aerospace | C14: Category-specific
A15: AWI | B15: Woodworking | C15: Category-specific
... A24: FTC | B24: Editorial | C24: Editorial

Sheet 06_Category_Benchmarks
A1: CATEGORY MISSION-CRITICAL BENCHMARKS (from your Cat. Benchmark + Mission-Critical tabs)
A3: Category | B3: Component | C3: Weight | D3: Minimum Threshold | E3: Required
A4: Desks | B4: Frame Material | C4: 9 | D4: High-grade steel/aluminum | E4: Yes
A5: Desks | B5: Joinery Method | C5: 8 | D5: AWI-approved | E5: Yes
A6: Desks | B6: Desktop Composition | C6: 7 | D6: Solid wood or high-grade composite | E6: Yes
A7: Speakers | B7: Driver Quality | C7: 9 | D7: AES-approved | E7: Yes
A8: Speakers | B8: Cabinet Construction | C8: 8 | D8: Internal bracing required | E8: Yes
A9: Lighting | B9: LED Binning | C9: 9 | D9: CIE-approved | E9: Yes
A10: Lighting | B10: CRI | C10: 8 | D10: ≥90 | E10: Yes
A11: Automation | B11: Protocol Reliability | C11: 9 | D11: Matter/Zigbee/Z-Wave | E11: Yes
A12: Automation | B12: Sensor Accuracy | C12: 8 | D12: IEC-approved | E12: Yes
A13: Computing | B13: CPU Architecture | C13: 9 | D13: Modern multi-core | E13: Yes
A14: Computing | B14: SSD Controller | C14: 8 | D14: Tier-1 controller | E14: Yes
A15: Monitors | B15: Panel Type | C15: 9 | D15: IPS / IPS Black / OLED as category-fit | E15: Yes
... A18: Headphones | B18: Comfort/Seal | C18: 8 | D18: Extended-wear viability | E18: Yes

Sheet 07_Results
A1: RESULTS — auto TC Grade + brief analysis
A3: Product | B3: =02_Intake!B3
A4: ID / ASIN | B4: =02_Intake!B4
A5: Category | B5: =02_Intake!B7
A6: Eval Type | B6: =02_Intake!B8
A8: SCORE SUMMARY
A9: Engineering % | B9: =IF(B6="Book","n/a",'03_Engineering_Score'!K2)
A10: Editorial % | B10: =IF(B6="Product","n/a",'04_Editorial_Score'!K2)
A11: Active path % | B11: =IF(B6="Book",IF(ISNUMBER(B10),B10,0),IF(ISNUMBER(B9),B9,0))
A12: Active path % (0-100) | B12: =IF(ISNUMBER(B11),B11*100,0)
A14: TC GRADE | B14: =IF(B12>=90,5,IF(B12>=85,4.5,IF(B12>=80,4,IF(B12>=70,3.5,IF(B12>=60,3,IF(B12>=50,2.5,2))))))
A15: Quality Band | B15: =IF(B12>=90,"High",IF(B12>=80,"Semi-High",IF(B12>=70,"Middle",IF(B12>=60,"Low-Middle",IF(B12>=50,"Low","Entry / Basic")))))
A16: Engineering fails | B16: ='03_Engineering_Score'!L2
A17: Editorial fails | B17: ='04_Editorial_Score'!L2
A18: Compliance N counts | B18: ='05_Compliance'!K2
A19: Applicable eng metrics | B19: ='03_Engineering_Score'!M2
A21: PUBLISH RECOMMENDATION | B21: =IF(OR(B18>0,AND(B6="Product",B16>0),AND(B6="Book",B17>0)),"Hold — resolve fails/compliance before publish",IF(B14>=4,"Trusted Choice — eligible for page","Conditional — publish only with clear tradeoff notes"))
A24: BRIEF ANALYSIS (auto draft — edit tone before paste to site)
A25: =CONCATENATE(B3," (",B5,") scores TC Grade ",TEXT(B14,"0.0")," (",B15," band) on the Truth Collective ",B6," path. Active score ",TEXT(B11,"0.0%"),". ",IF(B21="Trusted Choice — eligible for page","Meets Trusted Choice threshold for site listing. ","Requires human review before listing. "),IF(B4="","","Product ID: "&B4&". "))
A30: REASONS TO BUY (fill after scoring — short bullets for site Details)
A33: REASONS TO AVOID / TRADEOFFS
A37: Next engine upgrades (optional later)
A38: 1) Category presets that auto-set Applicable=Y for Monitors/Computing/etc. 2) Amazon ASIN lookup for title/price only (not grade). 3) Export HTML snippet for Custom HTML product tile.
